language,n,reps,avg_time
C,100,3,0.001843
C,200,3,0.008965
C,500,3,0.119080
C,1000,3,0.956151
